{"cameraMode":{"drawMode":0,"name":"Shaded","section":"Shading Mode"},"sceneLighting":false,"audioPlay":false,"sceneViewState":{"showFog":true,"showMaterialUpdate":false,"showSkybox":false,"showFlares":true,"showImageEffects":true,"showParticleSystems":true},"in2DMode":false,"pivot":{"x":-3.659899950027466,"y":0.9001150727272034,"z":-2.2946276664733888},"rotation":{"x":0.011101934127509594,"y":0.986223578453064,"z":-0.07441587746143341,"w":0.1475297063589096},"size":0.7090224623680115,"orthographic":false}