{"cameraMode":{"drawMode":0,"name":"Shaded","section":"Shading Mode"},"sceneLighting":false,"audioPlay":false,"sceneViewState":{"showFog":true,"showMaterialUpdate":false,"showSkybox":false,"showFlares":true,"showImageEffects":true,"showParticleSystems":true},"in2DMode":false,"pivot":{"x":-1.100000023841858,"y":1.093000054359436,"z":0.25},"rotation":{"x":-0.024704182520508767,"y":0.9651700854301453,"z":-0.24111557006835938,"w":-0.09879690408706665},"size":0.2857882082462311,"orthographic":false}