{"cameraMode":{"drawMode":0,"name":"Shaded","section":"Shading Mode"},"sceneLighting":true,"audioPlay":false,"sceneViewState":{"showFog":true,"showMaterialUpdate":false,"showSkybox":true,"showFlares":true,"showImageEffects":true,"showParticleSystems":true},"in2DMode":false,"pivot":{"x":-13.316263198852539,"y":4.599695205688477,"z":4.091852188110352},"rotation":{"x":0.2626912593841553,"y":0.01160330232232809,"z":-0.0030805571004748346,"w":0.9648917317390442},"size":0.8892866969108582,"orthographic":false}