{"cameraMode":{"drawMode":0,"name":"Shaded","section":"Shading Mode"},"sceneLighting":true,"audioPlay":false,"sceneViewState":{"showFog":true,"showMaterialUpdate":false,"showSkybox":true,"showFlares":true,"showImageEffects":true,"showParticleSystems":true},"in2DMode":false,"pivot":{"x":-12.23388957977295,"y":6.008530139923096,"z":-5.5769124031066898},"rotation":{"x":-0.01086464524269104,"y":-0.9644920229911804,"z":0.04088228940963745,"w":-0.2610642611980438},"size":9.473411560058594,"orthographic":false}