{"cameraMode":{"drawMode":0,"name":"Shaded","section":"Shading Mode"},"sceneLighting":true,"audioPlay":false,"sceneViewState":{"showFog":true,"showMaterialUpdate":true,"showSkybox":true,"showFlares":true,"showImageEffects":true,"showParticleSystems":true},"in2DMode":false,"pivot":{"x":-15.05478286743164,"y":4.137833118438721,"z":5.934978008270264},"rotation":{"x":-0.09539622813463211,"y":0.13079336285591126,"z":-0.012211491353809834,"w":-0.9868766665458679},"size":6.0118513107299809,"orthographic":false}